{
  "accuracy": 0.9448,
  "macro_precision": 0.6569584410559454,
  "macro_recall": 0.6097357264889339,
  "macro_f1": 0.627836173560262
}