{
  "accuracy": 0.84525,
  "macro_precision": 0.1582496995868485,
  "macro_recall": 0.1664589955367633,
  "macro_f1": 0.16216800513939517
}